Last Name,Year
Brewer,2022
Brewer,2022
Brewer,2022
Brewer,2022
Brewer,2022
Brewer,2022
Brewer,2022
Brewer,2022
Brewer,2022
Brewer,2022
Brewer,2022
Brewer,2022
Davis,2022
Davis,2022
Davis,2022
Davis,2022
Davis,2022
Davis,2022
Davis,2022
Davis,2022
Davis,2022
Davis,2022
Davis,2022
Davis,2022
Davis,2022
Davis,2022
Davis,2022
Davis,2022
Davis,2022
Davis,2022
Davis,2022
Davis,2022
Davis,2022
Davis,2022
Davis,2022
Davis,2022
Davis,2022
Davis,2022
Davis,2022
Davis,2022
Davis,2022
Davis,2022
Davis,2022
Davis,2022
Davis,2022
Davis,2022
Davis,2022
Davis,2022
Davis,2022
Davis,2022
Davis,2022
Davis,2022
Davis,2022
Davis,2022
Davis,2022
Davis,2022
Davis,2022
Davis,2022
Davis,2022
Davis,2022
Davis,2022
Davis,2022
Davis,2022
Davis,2022
Davis,2022
Davis,2022
Davis,2022
Davis,2022
Davis,2022
Davis,2022
Davis,2022
Davis,2022
Davis,2022
Davis,2022
Davis,2022
Davis,2022
Davis,2022
Davis,2022
Davis,2022
Davis,2022
Davis,2022
Davis,2022
Davis,2022
Davis,2022
Davis,2022
Davis,2022
Davis,2022
Davis,2022
Adams,2022
Adams,2022
Adams,2022
Adams,2022
Adams,2022
Adams,2022
Adams,2022
Adams,2022
Adams,2022
Adams,2022
Adams,2022
Adams,2022
Adams,2022
Adams,2022
Adams,2022
Adams,2022
Adams,2022
Adams,2022
Adams,2022
Adams,2022
Adams,2022
Adams,2022
Adams,2022
Adams,2022
Adams,2022
Adams,2022
Adams,2022
Adams,2022
Adams,2022
Adams,2022
Adams,2022
Adams,2022
Adams,2022
Adams,2022
Adams,2022
Adams,2022
Adams,2022
Adams,2022
Hunt,2022
Hunt,2022
Hunt,2022
Hunt,2022
Hunt,2022
Hunt,2022
Hunt,2022
Hunt,2022
Hunt,2022
Hunt,2022
Hunt,2022
Hunt,2022
Hunt,2022
Hunt,2022
Castleberry,2022
Castleberry,2022
Castleberry,2022
Castleberry,2022
Castleberry,2022
Castleberry,2022
Castleberry,2022
Castleberry,2022
Castleberry,2022
Castleberry,2022
Scott,2022
Scott,2022
Scott,2022
Scott,2022
Scott,2022
Scott,2022
Scott,2022
Scott,2022
Scott,2022
Scott,2022
Scott,2022
Scott,2022
Scott,2022
Scott,2022
Scott,2022
Scott,2022
Scott,2022
Scott,2022
Scott,2022
Scott,2022
Scott,2022
Scott,2022
Scott,2022
Scott,2022
Scott,2022
Scott,2022
Scott,2022
Scott,2022
Scott,2022
Scott,2022
Scott,2022
Scott,2022
Scott,2022
Scott,2022
Scott,2022
Scott,2022
Scott,2022
Scott,2022
Scott,2022
Scott,2022
Scott,2022
Scott,2022
Scott,2022
Scott,2022
Scott,2022
Scott,2022
Scott,2022
Scott,2022
Scott,2022
Scott,2022
Scott,2022
Scott,2022
Scott,2022
Scott,2022
Scott,2022
Scott,2022
Scott,2022
Scott,2022
Scott,2022
Scott,2022
Scott,2022
Scott,2022
Sabatini,2022
Lee,2022
Lee,2022
Lee,2022
Lee,2022
Lee,2022
Lee,2022
Lee,2022
Lee,2022
Lee,2022
Lee,2022
Lee,2022
Lee,2022
Lee,2022
Lee,2022
Lee,2022
Lee,2022
Lee,2022
Lee,2022
Lee,2022
Lee,2022
Lee,2022
Lee,2022
Lee,2022
Lee,2022
Lee,2022
Lee,2022
Lee,2022
Lee,2022
Lee,2022
Lee,2022
Lee,2022
Lee,2022
Lee,2022
Lee,2022
Lee,2022
Lee,2022
Lee,2022
Lee,2022
Lee,2022
Lee,2022
Lee,2022
Lee,2022
Lee,2022
Lee,2022
Lee,2022
Lee,2022
Lee,2022
Lee,2022
Lee,2022
Lee,2022
Lee,2022
Lee,2022
Park,2022
Park,2022
Park,2022
Park,2022
Park,2022
Park,2022
Park,2022
Park,2022
Park,2022
Park,2022
Park,2022
Park,2022
Park,2022
Park,2022
Cribb,2022
Burke,2022
Burke,2022
Burke,2022
Burke,2022
Burke,2022
Burke,2022
Burke,2022
Burke,2022
Burke,2022
Burke,2022
Burke,2022
Burke,2022
Burke,2022
Burke,2022
Burke,2022
Downs,2022
Habteselassie,2022
Oliver,2022
Oliver,2022
Oliver,2022
Oliver,2022
Oliver,2022
Oliver,2022
Oliver,2022
Oliver,2022
Oliver,2022
Blum,2022
Farmer,2022
Farmer,2022
Farmer,2022
Farmer,2022
Farmer,2022
Farmer,2022
Farmer,2022
Farmer,2022
Farmer,2022
Farmer,2022
Farmer,2022
Farmer,2022
Farmer,2022
Farmer,2022
Robinson,2022
Robinson,2022
Robinson,2022
Robinson,2022
Robinson,2022
Robinson,2022
Robinson,2022
Robinson,2022
Robinson,2022
Robinson,2022
Robinson,2022
Robinson,2022
Robinson,2022
Robinson,2022
Robinson,2022
Robinson,2022
Robinson,2022
Robinson,2022
Robinson,2022
Robinson,2022
Robinson,2022
Robinson,2022
Robinson,2022
Robinson,2022
Robinson,2022
Robinson,2022
Robinson,2022
Robinson,2022
Robinson,2022
Robinson,2022
Robinson,2022
Robinson,2022
Robinson,2022
Robinson,2022
Robinson,2022
Robinson,2022
Robinson,2022
Robinson,2022
Robinson,2022
Robinson,2022
Freeman,2022
Freeman,2022
Freeman,2022
Freeman,2022
Freeman,2022
Freeman,2022
Freeman,2022
Freeman,2022
Freeman,2022
Freeman,2022
Freeman,2022
Freeman,2022
Freeman,2022
Freeman,2022
Freeman,2022
Freeman,2022
Freeman,2022
Freeman,2022
Freeman,2022
Freeman,2022
Freeman,2022
Freeman,2022
Freeman,2022
Freeman,2022
Freeman,2022
Freeman,2022
Grainy,2022
Ross,2022
Ross,2022
Ross,2022
Ross,2022
Ross,2022
Ross,2022
Ross,2022
Ross,2022
Ross,2022
Ross,2022
Ross,2022
Ross,2022
Ross,2022
Ross,2022
Ross,2022
Xu,2022
Xu,2022
Xu,2022
Xu,2022
Xu,2022
Xu,2022
Xu,2022
Xu,2022
Xu,2022
Xu,2022
Cohen,2022
Cohen,2022
Cohen,2022
Cohen,2022
Cohen,2022
Cohen,2022
Cohen,2022
Cohen,2022
Cohen,2022
Haltiwanger,2022
Dolan,2022
Drake,2022
Drake,2022
Drake,2022
Drake,2022
Drake,2022
Drake,2022
Drake,2022
Drake,2022
Drake,2022
Drake,2022
Fox,2022
Fox,2022
Fox,2022
Fox,2022
Fox,2022
Fox,2022
Fox,2022
Hoover,2022
Hoover,2022
Hoover,2022
Paz,2022
Paz,2022
Holdo,2022
Kannan,2022
Khan,2022
Khan,2022
Khan,2022
Khan,2022
Khan,2022
Khan,2022
Wurzburger,2022
Cummins,2022
Meyers,2022
Meyers,2022
Meyers,2022
Meyers,2022
Meyers,2022
Strauss,2022
Strauss,2022
Strauss,2022
Guillebeau,2022
Rose,2022
Rose,2022
Rose,2022
Rose,2022
Rose,2022
Momany,2022
Momany,2022
Bik,2022
Champagne,2022
Champagne,2022
Connelly,2022
Connelly,2022
Connelly,2022
Connelly,2022
Rushing,2022
Rushing,2022
Rushing,2022
Rushing,2022
Rushing,2022
Mohnen,2022
Kurup,2022
Injaian,2022
Terns,2022
Strand,2022
Adang,2022
Rugenski,2022
