9-Grading.txt,,1,
90-Grading.txt,,4,
8-Grading.txt,,2,
89-Grading.txt,,,same as 90
73-Grading.txt,,5,
71-Grading.txt,,6,
50-Grading.txt,,7,
34-Grading.txt,,8,
348-Grading.txt,,9,
343-Grading.txt,,10,
32-Grading.txt,,11,
323-Grading.txt,,12,
31-Grading.txt,,13,
315-Grading.txt,,14,
298-Grading.txt,,15,
290-Grading.txt,,16,
288-Grading.txt,,17,
286-Grading.txt,,18,
271-Grading.txt,,19,
252-Grading.txt,,20,
251-Grading.txt,,21,
250-Grading.txt,,,same as 250
244-Grading.txt,,23,
243-Grading.txt,,22,
233-Grading.txt,,24,
231-Grading.txt,,25,
226-Grading.txt,,26,
222-Grading.txt,,27,
174-Grading.txt,,28,
159-Grading.txt,,29,
158-Grading.txt,,30,
157-Grading.txt,,,same as 158
144-Grading.txt,,31,
12-Grading.txt,,32,
125-Grading.txt,,33,
124-Grading.txt,,34,
11-Grading.txt,,3,
115-Grading.txt,,35,
102-Grading.txt,,36,
